{"_wandb":{"runtime":34},"_runtime":34,"smoke_test/train_loss":1.7219029188156127,"smoke_test/val_loss":0.9817390739917755,"smoke_test/model_params":6108278,"smoke_test/status":"PASSED","_timestamp":1.756779023010984e+09,"_step":0}